{
  "player_id": 1,
  "units": [
    [
      100,
      14.500000000001432,
      12.05000000000302,
      1,
      1,
      0,
      0,
      0,
      0,
      2,
      1,
      1,
      0.36674867344359585,
      [
        [1, 1, 0, 0, 0, 0, 0],
        [1, 0, 0, 0, 0, 0, 0],
        [1, 0, 0, 0, 0, 0, 0],
        [1, 0, 0, 0, 0, 0, 0],
        [1, 0, 0, 0, 0, 0, 0],
        [1, 0, 0, 0, 0, 0, 0],
        [3, 0, 0, 0, 0, 0, 0]
      ]
    ]
  ],
  "opp_units": [
    [
      100,
      34.69370999991048,
      20.0,
      1,
      0,
      0,
      1,
      0,
      0,
      2,
      1,
      1,
      -2.7748439801461973,
      [
        [0, 0, 0, 0, 0, 0, 0],
        [0, 0, 0, 0, 0, 0, 0],
        [0, 0, 0, 0, 0, 0, 0],
        [0, 0, 0, 0, 0, 0, 0],
        [0, 0, 0, 0, 0, 0, 0],
        [0, 0, 0, 0, 0, 0, 0],
        [0, 0, 0, 0, 0, 0, 0]
      ]
    ]
  ],
  "mines": [],
  "bullets": [
    [
      16.095163752421374,
      15.359986553655245,
      19.410995589502456,
      4.818013099226299,
      30,
      0.4,
      50,
      0
    ]
  ],
  "loot_boxes": [
    [10.5, 13.0, 1, 0],
    [29.5, 13.0, 1, 0],
    [8.5, 13.0, 1, 1],
    [31.5, 13.0, 1, 1],
    [13.5, 12.0, 2, 50],
    [26.5, 12.0, 2, 50]
  ],
  "player_score": 0,
  "opp_score": 0
}
